episode,total_steps,reward,rolling_reward_100,epsilon,loss
0,24,0.0,0.0,1,nan
1,48,0.0,0.0,1,nan
2,72,0.0,0.0,1,nan
3,195,2.0,0.5,0.999996,0.0027282736264169216
4,219,0.0,0.4,0.999992000016,0.0012216860195621848
5,243,0.0,0.3333333333333333,0.9999880000479999,0.017644913867115974
6,267,0.0,0.2857142857142857,0.9999840000959997,0.024904286488890648
7,291,0.0,0.25,0.9999800001599993,0.00800406839698553
8,315,0.0,0.2222222222222222,0.9999760002399987,0.0001004501391435042
9,339,0.0,0.2,0.9999720003359976,0.004887707997113466
10,363,0.0,0.18181818181818182,0.9999680004479963,0.011463664472103119
11,387,0.0,0.16666666666666666,0.9999640005759944,0.005111732520163059
12,411,0.0,0.15384615384615385,0.9999600007199921,0.010911474004387856
13,435,0.0,0.14285714285714285,0.9999560008799893,0.010143149644136429
14,459,0.0,0.13333333333333333,0.9999520010559857,0.0033741621300578117
15,483,0.0,0.125,0.9999480012479814,0.002456103451550007
16,582,2.0,0.23529411764705882,0.9999440014559764,0.008560700342059135
17,606,0.0,0.2222222222222222,0.9999400016799705,0.001812150003388524
18,630,0.0,0.21052631578947367,0.9999360019199638,0.00831310823559761
19,654,0.0,0.2,0.9999320021759561,0.0014346654061228037
20,678,0.0,0.19047619047619047,0.9999280024479474,0.0010651068296283484
21,702,0.0,0.18181818181818182,0.9999240027359376,0.007714494597166777
22,755,1.0,0.21739130434782608,0.9999200030399267,0.008481345139443874
23,779,0.0,0.20833333333333334,0.9999160033599145,0.007642711512744427
24,803,0.0,0.2,0.999912003695901,0.0003685190458782017
25,827,0.0,0.19230769230769232,0.9999080040478863,0.000292634911602363
26,900,1.0,0.2222222222222222,0.99990400441587,0.00023751768458168954
27,924,0.0,0.21428571428571427,0.9999000047998523,0.0001632107887417078
28,948,0.0,0.20689655172413793,0.9998960051998331,0.007608202751725912
29,972,0.0,0.2,0.9998920056158124,8.99686710909009e-05
30,996,0.0,0.1935483870967742,0.9998880060477899,0.02377234399318695
31,1020,0.0,0.1875,0.9998840064957657,6.252351886359975e-05
32,1044,0.0,0.18181818181818182,0.9998800069597397,5.867920117452741e-05
33,1068,0.0,0.17647058823529413,0.9998760074397118,5.159851207281463e-05
34,1092,0.0,0.17142857142857143,0.9998720079356821,5.28966193087399e-05
35,1116,0.0,0.16666666666666666,0.9998680084476503,3.21097468258813e-05
36,1140,0.0,0.16216216216216217,0.9998640089756166,3.289783853688277e-05
37,1164,0.0,0.15789473684210525,0.9998600095195807,4.299710053601302e-05
38,1188,0.0,0.15384615384615385,0.9998560100795426,0.00019193334446754307
39,1212,0.0,0.15,0.9998520106555023,0.008327092975378036
40,1236,0.0,0.14634146341463414,0.9998480112474597,0.008313734084367752
41,1260,0.0,0.14285714285714285,0.9998440118554147,0.012821015901863575
42,1284,0.0,0.13953488372093023,0.9998400124793673,0.012757708318531513
43,1308,0.0,0.13636363636363635,0.9998360131193174,0.0032565677538514137
44,1332,0.0,0.13333333333333333,0.9998320137752649,0.012295423075556755
45,1356,0.0,0.13043478260869565,0.9998280144472098,0.002998088952153921
46,1380,0.0,0.1276595744680851,0.9998240151351521,0.002656741300597787
47,1404,0.0,0.125,0.9998200158390915,0.011482113972306252
48,1475,1.0,0.14285714285714285,0.9998160165590282,0.0024798756930977106
49,1499,0.0,0.14,0.9998120172949619,0.002100563608109951
50,1523,0.0,0.13725490196078433,0.9998080180468928,0.001990155316889286
51,1547,0.0,0.1346153846153846,0.9998040188148206,0.0016809976659715176
52,1571,0.0,0.1320754716981132,0.9998000195987453,0.0016034776344895363
53,1595,0.0,0.12962962962962962,0.9997960203986669,0.001263330806978047
54,1619,0.0,0.12727272727272726,0.9997920212145853,0.0013272976502776146
55,1643,0.0,0.125,0.9997880220465004,0.009607801213860512
56,1667,0.0,0.12280701754385964,0.9997840228944123,0.009564341977238655
57,1691,0.0,0.1206896551724138,0.9997800237583206,0.0009298362419940531
58,1715,0.0,0.11864406779661017,0.9997760246382256,0.0008534668595530093
59,1739,0.0,0.11666666666666667,0.999772025534127,0.008913964033126831
60,1763,0.0,0.11475409836065574,0.9997680264460249,0.0005266376538202167
61,1836,1.0,0.12903225806451613,0.9997640273739191,0.0005390266305767
62,1859,0.0,0.12698412698412698,0.9997600283178096,0.00040221810922957957
63,1883,0.0,0.125,0.9997560292776964,0.0004014021251350641
64,1907,0.0,0.12307692307692308,0.9997520302535793,0.00030468974728137255
65,2027,2.0,0.15151515151515152,0.9997480312454583,0.00031049680546857417
66,2126,2.0,0.1791044776119403,0.9997440322533333,0.0002741888747550547
67,2150,0.0,0.17647058823529413,0.9997400332772043,0.00844021886587143
68,2174,0.0,0.17391304347826086,0.9997360343170711,0.00830157846212387
69,2198,0.0,0.17142857142857143,0.9997320353729339,0.0019315910758450627
70,2222,0.0,0.16901408450704225,0.9997280364447924,0.002042020671069622
71,2275,1.0,0.18055555555555555,0.9997240375326466,0.00196577375754714
72,2297,0.0,0.1780821917808219,0.9997200386364965,0.00875938218086958
73,2399,2.0,0.20270270270270271,0.9997160397563419,0.002010902389883995
74,2423,0.0,0.2,0.9997120408921829,0.0020712483674287796
75,2447,0.0,0.19736842105263158,0.9997080420440193,0.008884616196155548
76,2471,0.0,0.19480519480519481,0.9997040432118511,0.0019637735094875097
77,2495,0.0,0.19230769230769232,0.9997000443956783,0.0019241662230342627
78,2594,2.0,0.21518987341772153,0.9996960455955007,0.0017881320090964437
79,2618,0.0,0.2125,0.9996920468113184,0.001751204370521009
80,2642,0.0,0.20987654320987653,0.9996880480431312,0.008383437991142273
81,2666,0.0,0.2073170731707317,0.999684049290939,0.0016056399326771498
82,2690,0.0,0.20481927710843373,0.9996800505547419,0.0015411917120218277
83,2714,0.0,0.20238095238095238,0.9996760518345397,0.001342611969448626
84,2767,1.0,0.21176470588235294,0.9996720531303324,0.0013123280368745327
85,2866,2.0,0.23255813953488372,0.9996680544421198,0.008290437050163746
86,2890,0.0,0.22988505747126436,0.999664055769902,0.0011013573966920376
87,2914,0.0,0.22727272727272727,0.9996600571136789,0.008175230585038662
88,2938,0.0,0.2247191011235955,0.9996560584734504,0.0009372980566695333
89,3089,3.0,0.25555555555555554,0.9996520598492165,0.014968113973736763
90,3113,0.0,0.25274725274725274,0.999648061240977,0.015056050382554531
91,3137,0.0,0.25,0.9996440626487321,0.007803213316947222
92,3161,0.0,0.24731182795698925,0.9996400640724815,0.0007540061487816274
93,3232,1.0,0.2553191489361702,0.9996360655122252,0.007781339343637228
94,3281,1.0,0.2631578947368421,0.9996320669679631,0.0007286153268069029
95,3305,0.0,0.2604166666666667,0.9996280684396953,0.0006411183858290315
96,3329,0.0,0.25773195876288657,0.9996240699274216,0.000614746124483645
97,3353,0.0,0.25510204081632654,0.9996200714311418,0.000640424492303282
98,3377,0.0,0.25252525252525254,0.9996160729508561,0.0004765237681567669
99,3401,0.0,0.25,0.9996120744865643,0.0005359847564250231
100,3425,0.0,0.25,0.9996080760382664,0.0005059682298451662
101,3449,0.0,0.25,0.9996040776059623,0.007893601432442665
102,3473,0.0,0.25,0.9996000791896519,0.0004172652552369982
103,3497,0.0,0.23,0.9995960807893352,0.007814466021955013
104,3599,2.0,0.25,0.999592082405012,0.00040917147998698056
105,3623,0.0,0.25,0.9995880840366823,0.007843402214348316
106,3647,0.0,0.25,0.9995840856843462,0.00029554887441918254
107,3671,0.0,0.25,0.9995800873480034,0.000364378240192309
108,3695,0.0,0.25,0.999576089027654,0.0002888510061893612
109,3719,0.0,0.25,0.9995720907232979,0.00028154003666713834
110,3743,0.0,0.25,0.9995680924349349,0.00022537479526363313
111,3767,0.0,0.25,0.9995640941625652,0.00019564414105843753
112,3791,0.0,0.25,0.9995600959061886,0.000207635632250458
113,3815,0.0,0.25,0.9995560976658049,0.0019163511460646987
114,3886,1.0,0.26,0.9995520994414142,0.001984754577279091
115,3910,0.0,0.26,0.9995481012330164,0.0019351734081283212
116,3934,0.0,0.24,0.9995441030406115,0.010607502423226833
117,3958,0.0,0.24,0.9995401048641993,0.0019050529226660728
118,3982,0.0,0.24,0.9995361067037798,0.010619624517858028
119,4006,0.0,0.24,0.9995321085593529,0.0019102557562291622
120,4030,0.0,0.24,0.9995281104309187,0.010570934042334557
121,4054,0.0,0.24,0.9995241123184769,0.001718717161566019
122,4078,0.0,0.23,0.9995201142220277,0.0017494772328063846
123,4102,0.0,0.23,0.9995161161415708,0.0016848959494382143
124,4126,0.0,0.23,0.9995121180771062,0.010361907072365284
125,4197,1.0,0.24,0.9995081200286339,0.009983379393815994
126,4221,0.0,0.23,0.9995041219961538,0.0013518276391550899
127,4245,0.0,0.23,0.9995001239796658,0.0012290728045627475
128,4269,0.0,0.23,0.9994961259791699,0.009568345732986927
129,4293,0.0,0.23,0.999492127994666,0.009914246387779713
130,4317,0.0,0.23,0.999488130026154,0.0010901743080466986
131,4341,0.0,0.23,0.9994841320736338,0.0010889889672398567
132,4365,0.0,0.23,0.9994801341371056,0.017793651670217514
133,4389,0.0,0.23,0.999476136216569,0.0009748276206664741
134,4413,0.0,0.23,0.9994721383120242,0.0008707997039891779
135,4437,0.0,0.23,0.999468140423471,0.0008804085082374513
136,4490,1.0,0.24,0.9994641425509093,0.017478004097938538
137,4514,0.0,0.24,0.9994601446943391,0.0007095056353136897
138,4531,0.0,0.24,0.9994561468537603,0.009091776795685291
139,4555,0.0,0.24,0.9994521490291729,0.0005182910244911909
140,4608,1.0,0.25,0.9994481512205767,0.0005429012235254049
141,4632,0.0,0.25,0.9994441534279719,0.0004713012895081192
142,4656,0.0,0.25,0.9994401556513581,0.00039764720713719726
143,4729,1.0,0.26,0.9994361578907355,0.008649620227515697
144,4782,1.0,0.27,0.9994321601461039,0.0003248193534091115
145,4806,0.0,0.27,0.9994281624174634,0.00032121650292538106
146,4830,0.0,0.27,0.9994241647048137,0.00026789630646817386
147,4854,0.0,0.27,0.9994201670081548,0.00023702163889538497
148,4878,0.0,0.26,0.9994161693274868,0.008315881714224815
149,4902,0.0,0.26,0.9994121716628095,0.001900733564980328
150,4926,0.0,0.26,0.9994081740141229,0.0020224142353981733
151,4950,0.0,0.26,0.9994041763814268,0.0020694949198514223
152,4974,0.0,0.26,0.9994001787647212,0.002058704849332571
153,4998,0.0,0.26,0.9993961811640062,0.008879073895514011
154,5022,0.0,0.26,0.9993921835792815,0.008735009469091892
155,5046,0.0,0.26,0.9993881860105471,0.008762329816818237
156,5070,0.0,0.26,0.9993841884578031,0.001910220249556005
157,5094,0.0,0.26,0.9993801909210492,0.008771580643951893
158,5197,2.0,0.28,0.9993761934002855,0.0018029541242867708
159,5221,0.0,0.28,0.9993721958955119,0.0017468900186941028
160,5245,0.0,0.28,0.9993681984067283,0.001578624825924635
161,5269,0.0,0.27,0.9993642009339346,0.0016113121528178453
162,5293,0.0,0.27,0.9993602034771308,0.001500972080975771
163,5317,0.0,0.27,0.9993562060363169,0.008376982063055038
164,5341,0.0,0.27,0.9993522086114928,0.008342566899955273
165,5365,0.0,0.25,0.9993482112026583,0.001232550828717649
166,5389,0.0,0.23,0.9993442138098134,0.001160357380285859
167,5413,0.0,0.23,0.9993402164329582,0.015218093991279602
168,5437,0.0,0.23,0.9993362190720925,0.008234314620494843
169,5461,0.0,0.23,0.9993322217272161,0.008265979588031769
170,5485,0.0,0.23,0.9993282243983292,0.0009364778525196016
171,5584,2.0,0.24,0.9993242270854317,0.0009052264504134655
172,5608,0.0,0.24,0.9993202297885233,0.007917781360447407
173,5681,1.0,0.23,0.9993162325076042,0.007883074693381786
174,5705,0.0,0.23,0.9993122352426741,0.0009312544134445488
175,5729,0.0,0.23,0.9993082379937331,0.0008899781387299299
176,5753,0.0,0.23,0.9993042407607812,0.0010185797000303864
177,5777,0.0,0.23,0.9993002435438181,0.001022732350975275
178,5801,0.0,0.21,0.9992962463428439,0.0009728516452014446
179,5872,1.0,0.22,0.9992922491578585,0.0009895656257867813
180,5896,0.0,0.22,0.9992882519888618,0.00943501852452755
181,5920,0.0,0.22,0.9992842548358539,0.0008662321488372982
182,5944,0.0,0.22,0.9992802576988346,0.0009047945495694876
183,5968,0.0,0.22,0.9992762605778037,0.0008959223632700741
184,5992,0.0,0.21,0.9992722634727614,0.00035412312718108296
185,6091,2.0,0.21,0.9992682663837076,0.0004057976184412837
186,6115,0.0,0.21,0.999264269310642,0.000389417982660234
187,6139,0.0,0.21,0.9992602722535648,0.0004167178412899375
188,6163,0.0,0.21,0.9992562752124758,0.00043238807120360434
189,6236,1.0,0.19,0.9992522781873749,0.007745054084807634
190,6260,0.0,0.19,0.9992482811782621,0.007806372828781605
191,6284,0.0,0.19,0.9992442841851374,0.00041981457616202533
192,6308,0.0,0.19,0.9992402872080007,0.007710886653512716
193,6332,0.0,0.18,0.9992362902468519,0.007707319688051939
194,6403,1.0,0.18,0.9992322933016909,0.00035997736267745495
195,6427,0.0,0.18,0.9992282963725178,0.0003642785013653338
196,6498,1.0,0.19,0.9992242994593322,0.0076324110850691795
197,6522,0.0,0.19,0.9992203025621343,0.0003715349594131112
198,6546,0.0,0.19,0.9992163056809241,0.007811140269041061
199,6570,0.0,0.19,0.9992123088157014,0.0003429205680731684
200,6641,1.0,0.2,0.9992083119664662,0.00034068641252815723
201,6665,0.0,0.2,0.9992043151332183,0.0003519475576467812
202,6689,0.0,0.2,0.9992003183159578,0.00034899459569714963
203,6713,0.0,0.2,0.9991963215146845,0.007823177613317966
204,6737,0.0,0.18,0.9991923247293985,0.0003017432754859328
205,6761,0.0,0.18,0.9991883279600995,0.0002567341725807637
206,6785,0.0,0.18,0.9991843312067876,0.00024999675224535167
207,6809,0.0,0.18,0.9991803344694627,0.007798551581799984
208,6880,1.0,0.19,0.9991763377481249,0.007626606151461601
209,6904,0.0,0.19,0.9991723410427739,0.00775419594720006
210,6957,1.0,0.2,0.9991683443534097,0.00018507803906686604
211,6976,0.0,0.2,0.9991643476800323,0.0002012924524024129
212,7000,0.0,0.2,0.9991603510226416,0.00017337821191176772
213,7024,0.0,0.2,0.9991563543812375,0.022821512073278427
214,7048,0.0,0.19,0.99915235775582,0.00016388144285883754
215,7072,0.0,0.19,0.9991483611463889,0.00015364274440798908
216,7096,0.0,0.19,0.9991443645529443,0.00769414147362113
217,7120,0.0,0.19,0.9991403679754861,0.00014336247113533318
218,7191,1.0,0.2,0.9991363714140142,0.00013563175161834806
219,7215,0.0,0.2,0.9991323748685286,0.009978950023651123
220,7239,0.0,0.2,0.9991283783390291,0.010010289028286934
221,7263,0.0,0.2,0.9991243818255158,0.001387759461067617
222,7287,0.0,0.2,0.9991203853279884,0.009918401949107647
223,7311,0.0,0.2,0.999116388846447,0.0013206829316914082
224,7384,1.0,0.21,0.9991123923808917,0.001318567548878491
225,7408,0.0,0.2,0.9991083959313222,0.001236876123584807
226,7461,1.0,0.21,0.9991043994977384,0.001288828207179904
227,7485,0.0,0.21,0.9991004030801405,0.0012100270250812173
228,7538,1.0,0.22,0.9990964066785282,0.009774572215974331
229,7562,0.0,0.22,0.9990924102929014,0.009694812819361687
230,7615,1.0,0.23,0.9990884139232602,0.009698515757918358
231,7639,0.0,0.23,0.9990844175696045,0.0010664357105270028
232,7663,0.0,0.23,0.9990804212319343,0.0010630919132381678
233,7736,1.0,0.24,0.9990764249102494,0.0009789904579520226
234,7760,0.0,0.24,0.9990724286045497,0.007905992679297924
235,7784,0.0,0.24,0.9990684323148353,0.00068495306186378
236,7808,0.0,0.23,0.9990644360411061,0.015120796859264374
237,7832,0.0,0.23,0.9990604397833619,0.0007425023941323161
238,7856,0.0,0.23,0.9990564435416027,0.0007523360545746982
239,7955,2.0,0.25,0.9990524473158285,0.0007840772741474211
240,7979,0.0,0.24,0.9990484511060392,0.0008031351608224213
241,8032,1.0,0.25,0.9990444549122348,0.0007685642340220511
242,8103,1.0,0.26,0.9990404587344152,0.000773657753597945
243,8127,0.0,0.25,0.9990364625725802,0.007962994277477264
244,8151,0.0,0.24,0.9990324664267298,0.0007894834852777421
245,8175,0.0,0.24,0.9990284702968641,0.007979780435562134
246,8199,0.0,0.24,0.9990244741829829,0.0007213117787614465
247,8223,0.0,0.24,0.9990204780850862,0.015187702141702175
248,8247,0.0,0.24,0.9990164820031738,0.000745754805393517
249,8271,0.0,0.24,0.9990124859372458,0.0006629615090787411
250,8295,0.0,0.24,0.9990084898873021,0.007985137403011322
251,8319,0.0,0.24,0.9990044938533426,0.007870753295719624
252,8343,0.0,0.24,0.9990004978353672,0.009607023559510708
253,8442,2.0,0.26,0.9989965018333758,0.000976921641267836
254,8466,0.0,0.26,0.9989925058473685,0.009550504386425018
255,8490,0.0,0.26,0.9989885098773451,0.009476624429225922
256,8514,0.0,0.26,0.9989845139233056,0.0009747287258505821
257,8538,0.0,0.26,0.9989805179852499,0.0009760305983945727
258,8562,0.0,0.24,0.998976522063178,0.007770096883177757
259,8586,0.0,0.24,0.9989725261570898,0.00028675782959908247
260,8610,0.0,0.24,0.9989685302669852,0.007767502684146166
261,8634,0.0,0.24,0.9989645343928641,0.007697124034166336
262,8658,0.0,0.24,0.9989605385347265,0.00030947441700845957
263,8682,0.0,0.24,0.9989565426925724,0.00030246563255786896
264,8706,0.0,0.24,0.9989525468664017,0.0076740216463804245
265,8730,0.0,0.24,0.9989485510562142,0.0003185052191838622
266,8754,0.0,0.24,0.99894455526201,0.00031583092641085386
267,8778,0.0,0.24,0.9989405594837889,0.0003014222893398255
268,8802,0.0,0.24,0.9989365637215509,0.015238768421113491
269,8826,0.0,0.24,0.9989325679752961,0.007750445045530796
270,8850,0.0,0.24,0.9989285722450242,0.00032954401103779674
271,8874,0.0,0.22,0.9989245765307352,0.007771085947751999
272,8898,0.0,0.22,0.9989205808324291,0.0002808346471283585
273,8922,0.0,0.21,0.9989165851501057,0.007732535246759653
274,8946,0.0,0.21,0.9989125894837652,0.0077260942198336124
275,8970,0.0,0.21,0.9989085938334072,0.015130766667425632
276,8994,0.0,0.21,0.9989045981990319,0.009637067094445229
277,9018,0.0,0.21,0.9989006025806391,0.0009893496753647923
278,9042,0.0,0.21,0.9988966069782287,0.009499765932559967
279,9066,0.0,0.2,0.9988926113918007,0.0010775518603622913
280,9090,0.0,0.2,0.9988886158213551,0.009578295983374119
281,9114,0.0,0.2,0.9988846202668918,0.0009163197828456759
282,9138,0.0,0.2,0.9988806247284108,0.0009568064706400037
283,9209,1.0,0.21,0.9988766292059118,0.009312296286225319
284,9233,0.0,0.21,0.9988726336993949,0.0009203000809065998
285,9257,0.0,0.19,0.9988686382088602,0.0009180434863083065
286,9310,1.0,0.2,0.9988646427343073,0.0008161432924680412
287,9363,1.0,0.21,0.9988606472757363,0.009258376434445381
288,9385,0.0,0.21,0.9988566518331472,0.009197453036904335
289,9402,0.0,0.2,0.9988526564065399,0.0006910062511451542
290,9426,0.0,0.2,0.9988486609959142,0.009168767370283604
291,9450,0.0,0.2,0.9988446656012702,0.0006388705223798752
292,9474,0.0,0.2,0.9988406702226078,0.0005704567884095013
293,9498,0.0,0.2,0.9988366748599269,0.008970889262855053
294,9522,0.0,0.19,0.9988326795132274,0.0005222212057560682
295,9546,0.0,0.19,0.9988286841825094,0.0004840207111556083
296,9570,0.0,0.18,0.9988246888677726,0.00043658193317241967
297,9641,1.0,0.19,0.9988206935690171,0.0013755480758845806
298,9665,0.0,0.19,0.9988166982862429,0.001421355758793652
299,9689,0.0,0.19,0.9988127030194497,0.0014793932205066085
300,9713,0.0,0.18,0.9988087077686376,0.0015334903728216887
301,9737,0.0,0.18,0.9988047125338065,0.008443747647106647
302,9761,0.0,0.18,0.9988007173149563,0.0014347193064168096
303,9785,0.0,0.18,0.998796722112087,0.008304381743073463
304,9809,0.0,0.18,0.9987927269251986,0.0014362839283421636
305,9882,1.0,0.19,0.998788731754291,0.0014304749201983213
306,9955,1.0,0.2,0.998784736599364,0.0013679956318810582
307,9979,0.0,0.2,0.9987807414604175,0.008314352482557297
308,10003,0.0,0.19,0.9987767463374516,0.0013235985534265637
309,10027,0.0,0.19,0.9987727512304663,0.00826989021152258
310,10051,0.0,0.18,0.9987687561394614,1.5242940207826905e-05
311,10150,2.0,0.2,0.9987647610644368,2.650600072229281e-05
312,10174,0.0,0.2,0.9987607660053925,2.3603190129506402e-05
313,10247,1.0,0.21,0.9987567709623285,2.900602157751564e-05
314,10265,0.0,0.21,0.9987527759352447,2.746612881310284e-05
315,10289,0.0,0.21,0.998748780924141,0.00785620417445898
316,10313,0.0,0.21,0.9987447859290173,1.922287447087001e-05
317,10385,1.0,0.22,0.9987407909498736,0.007931250147521496
318,10409,0.0,0.21,0.9987367959867097,2.1823239876539446e-05
319,10433,0.0,0.21,0.9987328010395258,2.199882874265313e-05
320,10457,0.0,0.21,0.9987288061083216,0.00789547711610794
321,10481,0.0,0.21,0.9987248111930972,4.5222601329442114e-05
322,10534,1.0,0.22,0.9987208162938525,4.3666666897479445e-05
323,10558,0.0,0.22,0.9987168214105873,0.015898706391453743
324,10582,0.0,0.21,0.9987128265433016,4.378201992949471e-05
325,10606,0.0,0.21,0.9987088316919954,0.007969795726239681
326,10680,1.0,0.21,0.9987048368566687,4.4362819608068094e-05
327,10704,0.0,0.21,0.9987008420373212,4.008005271316506e-05
328,10728,0.0,0.2,0.9986968472339531,0.015856312587857246
329,10752,0.0,0.2,0.9986928524465641,0.00795375369489193
330,10898,3.0,0.22,0.9986888576751544,0.007941659539937973
331,10922,0.0,0.22,0.9986848629197237,3.6350636946735904e-05
332,10946,0.0,0.22,0.998680868180272,3.1253741326509044e-05
333,10970,0.0,0.21,0.9986768734567993,3.353591819177382e-05
334,11044,1.0,0.22,0.9986728787493055,2.0465349734877236e-05
335,11068,0.0,0.22,0.9986688840577905,0.007876964285969734
336,11092,0.0,0.22,0.9986648893822543,3.2439857022836804e-05
337,11116,0.0,0.22,0.9986608947226967,0.015615364536643028
338,11140,0.0,0.22,0.9986569000791178,0.007801929954439402
339,11164,0.0,0.2,0.9986529054515174,0.00781937874853611
340,11235,1.0,0.21,0.9986489108398956,1.8692908270168118e-05
341,11259,0.0,0.2,0.9986449162442522,0.00781518779695034
342,11283,0.0,0.19,0.9986409216645873,3.513494084472768e-05
343,11307,0.0,0.19,0.9986369271009006,2.701524499570951e-05
344,11331,0.0,0.19,0.9986329325531922,2.19392022700049e-05
345,11355,0.0,0.19,0.998628938021462,2.5642784748924896e-05
346,11379,0.0,0.19,0.99862494350571,0.015589790418744087
347,11403,0.0,0.19,0.9986209490059359,2.9291370083228685e-05
348,11427,0.0,0.19,0.9986169545221398,2.9363045541686006e-05
349,11451,0.0,0.19,0.9986129600543218,0.007788719609379768
350,11475,0.0,0.19,0.9986089656024816,2.9274267944856547e-05
351,11499,0.0,0.19,0.9986049711666192,2.837950705725234e-05
352,11523,0.0,0.19,0.9986009767467345,3.267245119786821e-05
353,11547,0.0,0.17,0.9985969823428276,1.8077473214361817e-05
354,11571,0.0,0.17,0.9985929879548981,2.3312797566177323e-05
355,11595,0.0,0.17,0.9985889935829463,0.007718692999333143
356,11619,0.0,0.17,0.998584999226972,5.026789222029038e-05
357,11643,0.0,0.17,0.9985810048869751,0.015377179719507694
358,11667,0.0,0.17,0.9985770105629556,4.4782307668356225e-05
359,11691,0.0,0.17,0.9985730162549133,0.015531949698925018
360,11715,0.0,0.17,0.9985690219628484,3.4045799111481756e-05
361,11863,3.0,0.2,0.9985650276867605,3.612157524912618e-05
362,11962,2.0,0.22,0.9985610334266497,7.265396561706439e-05
363,11986,0.0,0.22,0.998557039182516,0.007718340959399939
364,12010,0.0,0.22,0.9985530449543593,6.858041160739958e-05
365,12034,0.0,0.22,0.9985490507421795,7.056674803607166e-05
366,12058,0.0,0.22,0.9985450565459765,0.007707050070166588
367,12082,0.0,0.22,0.9985410623657502,0.007717332802712917
368,12106,0.0,0.22,0.9985370682015008,8.15304447314702e-05
369,12130,0.0,0.22,0.998533074053228,0.007687554229050875
370,12154,0.0,0.22,0.9985290799209318,5.510587288881652e-05
371,12178,0.0,0.22,0.9985250858046121,0.007712986320257187
372,12202,0.0,0.22,0.9985210917042688,4.3239921069471166e-05
373,12226,0.0,0.22,0.998517097619902,4.7356377763208e-05
374,12250,0.0,0.22,0.9985131035515116,5.224886990617961e-05
375,12274,0.0,0.22,0.9985091094990973,3.7938742025289685e-05
376,12345,1.0,0.23,0.9985051154626593,4.216250090394169e-05
377,12369,0.0,0.23,0.9985011214421975,3.3848195016616955e-05
378,12393,0.0,0.23,0.9984971274377117,4.699475539382547e-05
379,12494,2.0,0.25,0.9984931334492019,3.8263937312876806e-05
380,12518,0.0,0.25,0.9984891394766681,3.391432255739346e-05
381,12591,1.0,0.26,0.9984851455201101,4.088358036824502e-05
382,12615,0.0,0.26,0.9984811515795281,3.3987533242907375e-05
383,12670,1.0,0.26,0.9984771576549217,0.015525605529546738
384,12694,0.0,0.26,0.9984731637462911,1.9323775632074103e-05
385,12718,0.0,0.26,0.9984691698536361,0.0077679576352238655
386,12742,0.0,0.25,0.9984651759769567,0.0077459607273340225
387,12816,1.0,0.25,0.9984611821162528,4.3148920667590573e-05
388,12840,0.0,0.25,0.9984571882715243,4.711122528533451e-05
389,12864,0.0,0.25,0.9984531944427713,4.389557216200046e-05
390,12888,0.0,0.25,0.9984492006299934,2.73241639661137e-05
391,12912,0.0,0.25,0.9984452068331909,0.007775929756462574
392,13044,3.0,0.28,0.9984412130523636,0.007715547922998667
393,13068,0.0,0.28,0.9984372192875114,5.018611773266457e-05
394,13092,0.0,0.28,0.9984332255386342,2.4401138944085687e-05
395,13165,1.0,0.29,0.9984292318057321,0.00781368836760521
396,13238,1.0,0.3,0.9984252380888048,0.007707677315920591
397,13291,1.0,0.3,0.9984212443878524,3.6036457458976656e-05
398,13364,1.0,0.31,0.9984172507028748,3.62526552635245e-05
399,13388,0.0,0.31,0.998413257033872,3.3588094083825126e-05
400,13412,0.0,0.31,0.9984092633808438,0.015320122241973877
401,13436,0.0,0.31,0.9984052697437903,0.007784014102071524
402,13460,0.0,0.31,0.9984012761227113,5.154892278369516e-05
403,13531,1.0,0.32,0.9983972825176068,5.123212395119481e-05
404,13555,0.0,0.32,0.9983932889284768,4.755657573696226e-05
405,13579,0.0,0.31,0.9983892953553211,0.007618468254804611
406,13652,1.0,0.31,0.9983853017981397,0.015418630093336105
407,13676,0.0,0.31,0.9983813082569325,6.768238381482661e-05
408,13780,2.0,0.33,0.9983773147316994,5.408707875176333e-05
409,13851,1.0,0.34,0.9983733212224405,0.007820880971848965
410,13875,0.0,0.34,0.9983693277291555,7.958673086250201e-05
411,13899,0.0,0.32,0.9983653342518446,0.00782783329486847
412,13923,0.0,0.32,0.9983613407905075,6.848547491244972e-05
413,13947,0.0,0.31,0.9983573473451444,6.060838859411888e-05
414,13971,0.0,0.31,0.998353353915755,6.852900696685538e-05
415,14070,2.0,0.33,0.9983493605023394,5.604865145869553e-05
416,14094,0.0,0.33,0.9983453671048973,0.00783156044781208
417,14148,1.0,0.33,0.9983413737234289,3.3072912628995255e-05
418,14172,0.0,0.33,0.998337380357934,0.0076251463033258915
419,14196,0.0,0.33,0.9983333870084126,3.2512907637283206e-05
420,14220,0.0,0.33,0.9983293936748645,5.442576002678834e-05
421,14244,0.0,0.33,0.9983254003572898,0.007787289563566446
422,14268,0.0,0.32,0.9983214070556884,2.7238162147114053e-05
423,14292,0.0,0.32,0.9983174137700601,2.867398870876059e-05
424,14316,0.0,0.32,0.9983134205004051,0.007794093806296587
425,14340,0.0,0.32,0.998309427246723,5.146217154106125e-05
426,14364,0.0,0.31,0.9983054340090141,3.1598701752955094e-05
427,14388,0.0,0.31,0.998301440787278,0.007760613225400448
428,14412,0.0,0.31,0.9982974475815148,3.1825762562220916e-05
429,14436,0.0,0.31,0.9982934543917245,1.1225618436583318e-05
430,14460,0.0,0.28,0.9982894612179068,1.0656527592800558e-05
431,14484,0.0,0.28,0.998285468060062,0.007751962170004845
432,14537,1.0,0.29,0.9982814749181897,0.007853560149669647
433,14561,0.0,0.29,0.99827748179229,2.895545185310766e-05
434,14585,0.0,0.28,0.9982734886823629,1.2297233297431376e-05
435,14609,0.0,0.28,0.9982694955884082,0.00782621931284666
436,14633,0.0,0.28,0.9982655025104258,0.007820256985723972
437,14657,0.0,0.28,0.9982615094484157,0.007707321550697088
438,14728,1.0,0.29,0.9982575164023779,2.450410829624161e-05
439,14752,0.0,0.29,0.9982535233723123,0.023251131176948547
440,14776,0.0,0.28,0.9982495303582188,1.5305047782021575e-05
441,14800,0.0,0.28,0.9982455373600974,2.101172140100971e-05
442,14873,1.0,0.29,0.9982415443779479,1.8746704881777987e-05
443,14893,0.0,0.29,0.9982375514117704,2.3275646526599303e-05
444,14993,2.0,0.31,0.9982335584615647,2.804837276926264e-05
445,15046,1.0,0.32,0.9982295655273309,5.4965566960163414e-05
446,15067,0.0,0.32,0.9982255726090687,4.1851260903058574e-05
447,15091,0.0,0.32,0.9982215797067783,4.5365875848801807e-05
448,15115,0.0,0.32,0.9982175868204595,0.01555977389216423
449,15139,0.0,0.32,0.9982135939501122,0.015473761595785618
450,15212,1.0,0.33,0.9982096010957364,0.007797679398208857
451,15236,0.0,0.33,0.9982056082573321,0.007742282003164291
452,15356,2.0,0.35,0.998201615434899,2.455043613736052e-05
453,15427,1.0,0.36,0.9981976226284373,5.012669134885073e-05
454,15451,0.0,0.36,0.9981936298379467,2.6376323148724623e-05
455,15553,2.0,0.38,0.9981896370634273,0.007722968701273203
456,15577,0.0,0.38,0.9981856443048791,3.6632700357586145e-05
457,15601,0.0,0.38,0.9981816515623019,5.816496559418738e-05
458,15625,0.0,0.38,0.9981776588356956,6.203490920597687e-05
459,15649,0.0,0.38,0.9981736661250603,0.007749010808765888
460,15702,1.0,0.39,0.9981696734303958,0.0077421050518751144
461,15726,0.0,0.36,0.998165680751702,0.007795911282300949
462,15750,0.0,0.34,0.998161688088979,0.015383345074951649
463,15774,0.0,0.34,0.9981576954422267,7.023158832453191e-05
464,15798,0.0,0.34,0.9981537028114449,7.097152411006391e-05
465,15822,0.0,0.34,0.9981497101966337,0.0077463071793317795
466,15846,0.0,0.34,0.9981457175977929,2.026905531238299e-05
467,15945,2.0,0.36,0.9981417250149225,0.007824496366083622
468,16017,1.0,0.37,0.9981377324480224,0.007814623415470123
469,16041,0.0,0.37,0.9981337398970926,0.007785943802446127
470,16065,0.0,0.37,0.998129747362133,2.251391197205521e-05
471,16089,0.0,0.37,0.9981257548431436,2.401723941147793e-05
472,16113,0.0,0.37,0.9981217623401242,0.007656765170395374
473,16137,0.0,0.37,0.9981177698530748,0.015666021034121513
474,16256,2.0,0.39,0.9981137773819954,0.007704135496169329
475,16280,0.0,0.39,0.9981097849268858,2.9023236493230797e-05
476,16304,0.0,0.38,0.9981057924877461,0.007687619421631098
477,16328,0.0,0.38,0.9981018000645762,7.443971117027104e-05
478,16352,0.0,0.38,0.9980978076573759,0.007609613239765167
479,16376,0.0,0.36,0.9980938152661453,0.00010472335998201743
480,16400,0.0,0.36,0.9980898228908842,0.00010824730270542204
481,16424,0.0,0.35,0.9980858305315926,0.007856812328100204
482,16448,0.0,0.35,0.9980818381882705,9.376207162858918e-05
483,16472,0.0,0.34,0.9980778458609177,0.007608043495565653
484,16496,0.0,0.34,0.9980738535495343,0.007845685817301273
485,16549,1.0,0.35,0.99806986125412,0.00012747826986014843
486,16573,0.0,0.35,0.998065868974675,9.546122601022944e-05
487,16672,2.0,0.36,0.9980618767111991,0.02268574945628643
488,16696,0.0,0.36,0.9980578844636923,0.0001096388150472194
489,16720,0.0,0.36,0.9980538922321543,0.00014009527512826025
490,16744,0.0,0.36,0.9980499000165854,8.844713738653809e-05
491,16768,0.0,0.36,0.9980459078169853,0.00010939451021840796
492,16792,0.0,0.33,0.9980419156333541,0.00010300002031726763
493,16816,0.0,0.33,0.9980379234656915,0.007799721788614988
494,16840,0.0,0.33,0.9980339313139976,0.00783075112849474
495,16864,0.0,0.32,0.9980299391782724,8.130010974127799e-05
496,16935,1.0,0.32,0.9980259470585157,0.007793840486556292
497,16988,1.0,0.32,0.9980219549547275,0.007781724911183119
498,17006,0.0,0.31,0.9980179628669076,7.07048675394617e-05
499,17030,0.0,0.31,0.9980139707950562,6.384857260854915e-05
500,17054,0.0,0.31,0.998009978739173,6.269776349654421e-05
501,17078,0.0,0.31,0.998005986699258,5.688896999345161e-05
502,17102,0.0,0.31,0.9980019946753111,0.007742876186966896
503,17219,2.0,0.32,0.9979980026673324,0.007769042160362005
504,17243,0.0,0.32,0.9979940106753218,6.079575905459933e-05
505,17267,0.0,0.32,0.9979900186992791,4.695550160249695e-05
506,17291,0.0,0.31,0.9979860267392042,6.171531276777387e-05
507,17315,0.0,0.31,0.9979820347950973,0.007718570996075869
508,17368,1.0,0.3,0.9979780428669581,3.7010609958088025e-05
509,17392,0.0,0.29,0.9979740509547866,3.688210199470632e-05
510,17416,0.0,0.29,0.9979700590585828,5.890941611141898e-05
511,17440,0.0,0.29,0.9979660671783466,5.895994036109187e-05
512,17563,2.0,0.31,0.9979620753140779,4.0014034311752766e-05
513,17587,0.0,0.31,0.9979580834657766,0.007740443106740713
514,17640,1.0,0.32,0.9979540916334427,3.78370241378434e-05
515,17664,0.0,0.3,0.9979500998170762,5.612878885585815e-05
516,17688,0.0,0.3,0.9979461080166769,3.766209920286201e-05
517,17712,0.0,0.29,0.9979421162322448,0.0076794931665062904
518,17736,0.0,0.29,0.9979381244637799,3.914943590643816e-05
519,17760,0.0,0.29,0.9979341327112821,0.007804335094988346
520,17784,0.0,0.29,0.9979301409747512,3.395873136469163e-05
521,17808,0.0,0.29,0.9979261492541873,2.724012483668048e-05
522,17832,0.0,0.29,0.9979221575495903,0.007852798327803612
523,17856,0.0,0.29,0.9979181658609602,2.6671976229408756e-05
524,17880,0.0,0.29,0.9979141741882968,3.4117678296752274e-05
525,17904,0.0,0.29,0.9979101825316,2.574801146693062e-05
526,17928,0.0,0.29,0.9979061908908698,2.5822397219599225e-05
527,17952,0.0,0.29,0.9979021992661062,0.0077485619112849236
528,17976,0.0,0.29,0.9978982076573092,0.007678419351577759
529,18000,0.0,0.29,0.9978942160644786,0.007805822417140007
530,18024,0.0,0.29,0.9978902244876143,0.007792570162564516
531,18048,0.0,0.29,0.9978862329267164,3.063911208300851e-05
532,18072,0.0,0.28,0.9978822413817847,2.5901063054334372e-05
533,18096,0.0,0.28,0.9978782498528191,2.7963335014646873e-05
534,18120,0.0,0.28,0.9978742583398197,2.2039424948161468e-05
535,18144,0.0,0.28,0.9978702668427863,0.023244807496666908
536,18168,0.0,0.28,0.997866275361719,2.044420580205042e-05
537,18192,0.0,0.28,0.9978622838966176,2.4507909984095022e-05
538,18216,0.0,0.27,0.997858292447482,2.200096241722349e-05
539,18240,0.0,0.27,0.9978543010143123,1.4965718946768902e-05
540,18264,0.0,0.27,0.9978503095971082,2.572360244812444e-05
541,18335,1.0,0.28,0.9978463181958698,0.007759175729006529
542,18419,2.0,0.29,0.997842326810597,2.2317788534564897e-05
543,18441,0.0,0.29,0.9978383354412897,2.4549211957491934e-05
544,18514,1.0,0.28,0.997834344087948,0.00781515147536993
545,18538,0.0,0.27,0.9978303527505716,0.007832197472453117
546,18562,0.0,0.27,0.9978263614291606,0.007839065045118332
547,18586,0.0,0.27,0.9978223701237149,0.007858099415898323
548,18610,0.0,0.27,0.9978183788342344,6.7009996200795285e-06
549,18634,0.0,0.27,0.997814387560719,2.528349796193652e-05
550,18658,0.0,0.26,0.9978103963031688,5.900667929381598e-06
551,18682,0.0,0.26,0.9978064050615836,0.007851939648389816
552,18754,1.0,0.25,0.9978024138359634,0.007782052271068096
553,18826,1.0,0.25,0.997798422626308,0.007810384966433048
554,18850,0.0,0.25,0.9977944314326175,1.0221050615655258e-05
555,18874,0.0,0.23,0.9977904402548917,0.007787029724568129
556,18898,0.0,0.23,0.9977864490931307,1.3380885320657399e-05
557,18922,0.0,0.23,0.9977824579473343,6.332774501061067e-05
558,18946,0.0,0.23,0.9977784668175025,4.738361167255789e-05
559,18970,0.0,0.23,0.9977744757036352,0.007701817434281111
560,18994,0.0,0.22,0.9977704846057324,0.007719573564827442
561,19093,2.0,0.24,0.997766493523794,5.537228935281746e-05
562,19117,0.0,0.24,0.9977625024578198,5.4826039558975026e-05
563,19190,1.0,0.25,0.99775851140781,6.357381062116474e-05
564,19264,1.0,0.26,0.9977545203737644,5.784117092844099e-05
565,19337,1.0,0.27,0.997750529355683,7.292682130355388e-05
566,19360,0.0,0.27,0.9977465383535655,6.707319698762149e-05
567,19384,0.0,0.25,0.9977425473674121,5.8224199165124446e-05
568,19408,0.0,0.24,0.9977385563972226,0.0077037266455590725
569,19432,0.0,0.24,0.9977345654429971,0.007617703173309565
570,19456,0.0,0.24,0.9977305745047353,7.0607551606372e-05
571,19527,1.0,0.25,0.9977265835824374,0.007824252359569073
572,19551,0.0,0.25,0.9977225926761031,4.231877755955793e-05
573,19575,0.0,0.25,0.9977186017857324,0.007846230641007423
574,19599,0.0,0.23,0.9977146109113252,6.631447467952967e-05
575,19623,0.0,0.23,0.9977106200528816,4.956568591296673e-05
576,19647,0.0,0.23,0.9977066292104013,4.782064206665382e-05
577,19671,0.0,0.23,0.9977026383838845,4.697838448919356e-05
578,19695,0.0,0.23,0.9976986475733309,0.007811435963958502
579,19719,0.0,0.23,0.9976946567787406,4.406897642184049e-05
580,19743,0.0,0.23,0.9976906660001135,5.509101538336836e-05
581,19767,0.0,0.23,0.9976866752374495,0.007691959384828806
582,19791,0.0,0.23,0.9976826844907485,2.6656813133740798e-05
583,19893,2.0,0.25,0.9976786937600105,2.14839237742126e-05
584,19964,1.0,0.26,0.9976747030452354,2.9062370231258683e-05
585,19988,0.0,0.25,0.9976707123464232,2.0736084479722194e-05
586,20012,0.0,0.25,0.9976667216635738,0.007712435908615589
587,20036,0.0,0.23,0.9976627309966872,2.6287798391422257e-05
588,20060,0.0,0.23,0.9976587403457632,0.01576990634202957
589,20084,0.0,0.23,0.9976547497108018,8.77398360898951e-06
590,20108,0.0,0.23,0.997650759091803,0.007879252545535564
591,20132,0.0,0.23,0.9976467684887667,0.00781914684921503
592,20156,0.0,0.23,0.9976427779016926,1.3149231563147623e-05
593,20180,0.0,0.23,0.9976387873305811,0.015664149075746536
594,20204,0.0,0.23,0.9976347967754318,0.007858010940253735
595,20228,0.0,0.23,0.9976308062362447,6.814808784838533e-06
596,20252,0.0,0.22,0.9976268157130197,0.00794252846390009
597,20351,2.0,0.23,0.9976228252057568,2.399958611931652e-05
598,20375,0.0,0.23,0.997618834714456,2.303135443071369e-05
599,20399,0.0,0.23,0.9976148442391172,3.774304786929861e-05
600,20452,1.0,0.24,0.9976108537797402,2.352212686673738e-05
601,20475,0.0,0.24,0.9976068633363251,0.015556314960122108
602,20499,0.0,0.24,0.9976028729088717,0.015531971119344234
603,20523,0.0,0.22,0.99759888249738,6.167477840790525e-05
604,20547,0.0,0.22,0.99759489210185,4.768509097630158e-05
605,20571,0.0,0.22,0.9975909017222816,3.190473580616526e-05
606,20595,0.0,0.22,0.9975869113586747,3.843894592137076e-05
607,20619,0.0,0.22,0.9975829210110293,0.007719361688941717
608,20643,0.0,0.21,0.9975789306793452,5.651990068145096e-05
609,20667,0.0,0.21,0.9975749403636225,0.007699696347117424
610,20738,1.0,0.22,0.997570950063861,6.877341365907341e-05
611,20859,2.0,0.24,0.9975669597800607,4.112639726372436e-05
612,20883,0.0,0.22,0.9975629695122216,5.8854591770796105e-05
613,20956,1.0,0.23,0.9975589792603435,5.0734808610286564e-05
614,20980,0.0,0.22,0.9975549890244265,6.198713526828215e-05
615,21004,0.0,0.22,0.9975509988044704,0.007664121687412262
616,21028,0.0,0.22,0.9975470086004752,0.007758650928735733
617,21052,0.0,0.22,0.9975430184124408,0.007756756152957678
618,21076,0.0,0.22,0.9975390282403671,4.547599746729247e-05
619,21100,0.0,0.22,0.9975350380842541,3.2183019357034937e-05
620,21124,0.0,0.22,0.9975310479441019,0.007633964065462351
621,21148,0.0,0.22,0.99752705781991,0.015352998860180378
622,21172,0.0,0.22,0.9975230677116788,0.015560965985059738
623,21226,1.0,0.23,0.997519077619408,3.967088196077384e-05
624,21250,0.0,0.23,0.9975150875430975,3.7681718822568655e-05
625,21398,3.0,0.26,0.9975110974827474,6.111335096647963e-05
626,21422,0.0,0.26,0.9975071074383575,7.146921416278929e-05
627,21446,0.0,0.26,0.9975031174099277,5.9256632084725425e-05
628,21518,1.0,0.27,0.997499127397458,3.474308687145822e-05
629,21542,0.0,0.27,0.9974951374009484,4.860987974097952e-05
630,21566,0.0,0.27,0.9974911474203988,2.846349889296107e-05
631,21637,1.0,0.28,0.9974871574558091,0.007807391230016947
632,21661,0.0,0.28,0.9974831675071792,5.9285939641995355e-05
633,21685,0.0,0.28,0.9974791775745092,4.73904401587788e-05
634,21709,0.0,0.28,0.9974751876577989,2.9792628993163817e-05
635,21733,0.0,0.28,0.9974711977570482,3.204794120392762e-05
636,21757,0.0,0.28,0.9974672078722572,0.015507305972278118
637,21781,0.0,0.28,0.9974632180034256,0.007730177138000727
638,21805,0.0,0.28,0.9974592281505537,0.007713275961577892
639,21829,0.0,0.28,0.997455238313641,3.4901029721368104e-05
640,21853,0.0,0.28,0.9974512484926877,0.007727709598839283
641,21877,0.0,0.27,0.9974472586876938,4.074806929565966e-05
642,21901,0.0,0.25,0.9974432688986591,3.164322697557509e-05
643,21925,0.0,0.25,0.9974392791255835,0.0076800002716481686
644,21978,1.0,0.25,0.997435289368467,0.015592878684401512
645,22002,0.0,0.25,0.9974312996273096,4.852395431953482e-05
646,22026,0.0,0.25,0.997427309902111,3.585906597436406e-05
647,22050,0.0,0.25,0.9974233201928714,0.007791559677571058
648,22103,1.0,0.26,0.9974193304995906,4.618212187779136e-05
649,22127,0.0,0.26,0.9974153408222687,3.373833897057921e-05
650,22151,0.0,0.26,0.9974113511609054,0.007754048332571983
651,22175,0.0,0.26,0.9974073615155008,4.400499165058136e-05
652,22199,0.0,0.25,0.9974033718860548,0.007666400168091059
653,22223,0.0,0.24,0.9973993822725672,0.007668397389352322
654,22247,0.0,0.24,0.9973953926750381,7.665099110454321e-05
655,22271,0.0,0.24,0.9973914030934674,0.007669904734939337
656,22295,0.0,0.24,0.997387413527855,5.690006582881324e-05
657,22319,0.0,0.24,0.9973834239782009,0.015377228148281574
658,22343,0.0,0.24,0.9973794344445049,5.5910022638272494e-05
659,22465,2.0,0.26,0.9973754449267671,3.704920527525246e-05
660,22536,1.0,0.27,0.9973714554249874,8.866597636369988e-05
661,22560,0.0,0.25,0.9973674659391657,3.8179990951903164e-05
662,22584,0.0,0.25,0.9973634764693019,5.621343370876275e-05
663,22608,0.0,0.24,0.997359487015396,6.578126340173185e-05
664,22661,1.0,0.24,0.9973554975774479,0.007626438979059458
665,22685,0.0,0.23,0.9973515081554576,4.782228643307462e-05
666,22756,1.0,0.24,0.997347518749425,6.479537114501e-05
667,22780,0.0,0.24,0.99734352935935,0.015597096644341946
668,22804,0.0,0.24,0.9973395399852325,5.377445268095471e-05
669,22828,0.0,0.24,0.9973355506270726,4.8557540139881894e-05
670,22852,0.0,0.24,0.9973315612848701,0.007617968134582043
671,22876,0.0,0.23,0.997327571958625,3.898852810380049e-05
672,22900,0.0,0.23,0.9973235826483371,0.007616180926561356
673,22924,0.0,0.23,0.9973195933540066,3.476752317510545e-05
674,22948,0.0,0.23,0.9973156040756331,5.703137503587641e-05
675,22972,0.0,0.23,0.9973116148132168,4.203922799206339e-05
676,23043,1.0,0.24,0.9973076255667576,5.3565170674119145e-05
677,23067,0.0,0.24,0.9973036363362553,2.9296352295204997e-05
678,23091,0.0,0.24,0.9972996471217099,0.007790627423673868
679,23115,0.0,0.24,0.9972956579231215,4.6693883632542565e-05
680,23139,0.0,0.24,0.9972916687404898,4.558360524242744e-05
681,23163,0.0,0.24,0.9972876795738148,3.490766175673343e-05
682,23236,1.0,0.25,0.9972836904230965,3.259488585172221e-05
683,23304,1.0,0.24,0.9972797012883348,3.261571691837162e-05
684,23328,0.0,0.23,0.9972757121695296,3.8234829844441265e-05
685,23352,0.0,0.23,0.9972717230666809,5.081295967102051e-05
686,23376,0.0,0.23,0.9972677339797886,0.007836328819394112
687,23400,0.0,0.23,0.9972637449088527,3.291351458756253e-05
688,23424,0.0,0.23,0.997259755853873,2.1366640794440173e-05
689,23495,1.0,0.24,0.9972557668148496,2.880035390262492e-05
690,23519,0.0,0.24,0.9972517777917823,0.00781632773578167
691,23543,0.0,0.24,0.9972477887846711,1.4549817024089862e-05
692,23567,0.0,0.24,0.997243799793516,2.634580414451193e-05
693,23591,0.0,0.24,0.9972398108183168,8.074353900155984e-06
694,23615,0.0,0.24,0.9972358218590736,2.0777128156623803e-05
695,23639,0.0,0.24,0.9972318329157861,2.4025606762734242e-05
696,23663,0.0,0.24,0.9972278439884544,0.00777114974334836
697,23687,0.0,0.22,0.9972238550770784,7.0263959059957415e-06
698,23711,0.0,0.22,0.9972198661816581,0.007801429834216833
699,23735,0.0,0.22,0.9972158773021934,7.705384632572532e-06
700,23759,0.0,0.21,0.9972118884386842,2.100222081935499e-05
701,23783,0.0,0.21,0.9972078995911305,0.01556580513715744
702,23807,0.0,0.21,0.9972039107595322,1.77704914676724e-05
703,23831,0.0,0.21,0.9971999219438892,2.330192546651233e-05
704,23855,0.0,0.21,0.9971959331442014,1.847100429586135e-05
705,23879,0.0,0.21,0.9971919443604689,1.9882105334545486e-05
706,23903,0.0,0.21,0.9971879555926915,1.9153305402141996e-05
707,23927,0.0,0.21,0.9971839668408691,0.007899739779531956
708,23951,0.0,0.21,0.9971799781050017,1.0015384759753942e-05
709,24004,1.0,0.22,0.9971759893850892,0.01542818546295166
710,24075,1.0,0.22,0.9971720006811317,0.00788515992462635
711,24099,0.0,0.2,0.9971680119931289,2.2903479475644417e-05
712,24200,2.0,0.22,0.9971640233210809,2.992773625010159e-05
713,24224,0.0,0.21,0.9971600346649876,2.8222602850291878e-05
714,24248,0.0,0.21,0.997156046024849,4.8822203098097816e-05
715,24301,1.0,0.22,0.9971520574006649,2.3451644665328786e-05
716,24325,0.0,0.22,0.9971480687924353,0.007878228090703487
717,24349,0.0,0.22,0.9971440802001602,1.2885438081866596e-05
718,24420,1.0,0.23,0.9971400916238394,0.007810225710272789
719,24444,0.0,0.23,0.9971361030634729,0.015684425830841064
720,24468,0.0,0.23,0.9971321145190606,0.015445144847035408
721,24492,0.0,0.23,0.9971281259906025,2.8126796678407118e-05
722,24516,0.0,0.23,0.9971241374780986,0.007814519107341766
723,24540,0.0,0.22,0.9971201489815487,5.0777987780747935e-05
724,24564,0.0,0.22,0.9971161605009528,4.6948756789788604e-05
725,24588,0.0,0.19,0.9971121720363108,1.9759045244427398e-05
726,24612,0.0,0.19,0.9971081835876227,1.8267170162289403e-05
727,24636,0.0,0.19,0.9971041951548884,2.7783322366303764e-05
728,24660,0.0,0.18,0.9971002067381077,4.6537519665434957e-05
729,24684,0.0,0.18,0.9970962183372808,1.8938819266622886e-05
730,24708,0.0,0.18,0.9970922299524074,3.565571751096286e-05
731,24732,0.0,0.17,0.9970882415834876,0.007685733959078789
732,24831,2.0,0.19,0.9970842532305213,0.022984635084867477
733,24855,0.0,0.19,0.9970802648935084,4.8564183089183643e-05
734,24879,0.0,0.19,0.9970762765724489,5.239980237092823e-05
735,24950,1.0,0.2,0.9970722882673426,0.015424929559230804
736,25019,1.0,0.21,0.9970682999781896,0.01548448670655489
737,25043,0.0,0.21,0.9970643117049897,5.7995959650725126e-05
738,25067,0.0,0.21,0.9970603234477429,3.5703455068869516e-05
739,25091,0.0,0.21,0.9970563352064491,5.6537333875894547e-05
740,25115,0.0,0.21,0.9970523469811082,0.0077543784864246845
741,25139,0.0,0.21,0.9970483587717203,5.117289038025774e-05
742,25163,0.0,0.21,0.9970443705782852,5.270268229651265e-05
743,25187,0.0,0.21,0.9970403824008028,0.007648090831935406
744,25211,0.0,0.2,0.9970363942392733,6.550301623065025e-05
745,25235,0.0,0.2,0.9970324060936963,0.007663997821509838
746,25288,1.0,0.21,0.9970284179640718,7.143981201807037e-05
747,25312,0.0,0.21,0.9970244298504,5.9570818848442286e-05
748,25336,0.0,0.2,0.9970204417526806,5.516057717613876e-05
749,25360,0.0,0.2,0.9970164536709135,5.8903453464154154e-05
750,25384,0.0,0.2,0.9970124656050988,5.3321593441069126e-05
751,25408,0.0,0.2,0.9970084775552364,5.19536915817298e-05
752,25479,1.0,0.21,0.9970044895213261,6.748075247742236e-05
753,25550,1.0,0.22,0.997000501503368,9.023358870763332e-05
754,25649,2.0,0.24,0.996996513501362,0.007652291562408209
755,25673,0.0,0.24,0.9969925255153079,5.4796732001705095e-05
756,25697,0.0,0.24,0.9969885375452059,6.06923749728594e-05
757,25721,0.0,0.24,0.9969845495910558,0.0077598122879862785
758,25745,0.0,0.24,0.9969805616528574,6.1672595620621e-05
759,25769,0.0,0.22,0.9969765737306108,0.02299092896282673
760,25793,0.0,0.21,0.9969725858243158,0.0076460218988358974
761,25817,0.0,0.21,0.9969685979339725,3.947110963054001e-05
762,25841,0.0,0.21,0.9969646100595808,6.117377051850781e-05
763,25865,0.0,0.21,0.9969606222011406,5.09307392349001e-05
764,25889,0.0,0.2,0.9969566343586518,4.7945097321644425e-05
765,25913,0.0,0.2,0.9969526465321144,3.621809810283594e-05
766,25984,1.0,0.2,0.9969486587215283,0.02338336780667305
767,26055,1.0,0.21,0.9969446709268934,3.832353831967339e-05
768,26079,0.0,0.21,0.9969406831482097,5.7145109167322516e-05
769,26199,2.0,0.23,0.9969366953854771,5.0964961701538414e-05
770,26223,0.0,0.23,0.9969327076386956,0.007812515832483768
771,26247,0.0,0.23,0.996928719907865,0.007809709757566452
772,26271,0.0,0.23,0.9969247321929854,0.007650073617696762
773,26295,0.0,0.23,0.9969207444940567,0.007657329086214304
774,26319,0.0,0.23,0.9969167568110787,0.007642213720828295
775,26343,0.0,0.23,0.9969127691440515,0.00777274277061224
776,26415,1.0,0.23,0.9969087814929749,7.450956763932481e-05
777,26517,2.0,0.25,0.9969047938578489,3.831702269962989e-05
778,26541,0.0,0.25,0.9969008062386735,4.4297707063378766e-05
779,26565,0.0,0.25,0.9968968186354485,0.007728540804237127
780,26589,0.0,0.25,0.9968928310481739,5.676749788108282e-05
781,26613,0.0,0.25,0.9968888434768497,5.5376673117280006e-05
782,26637,0.0,0.24,0.9968848559214758,4.794952110387385e-05
783,26661,0.0,0.23,0.9968808683820521,0.007866582833230495
784,26685,0.0,0.23,0.9968768808585786,5.3439856856130064e-05
785,26837,3.0,0.26,0.9968728933510552,7.14302368578501e-05
786,26861,0.0,0.26,0.9968689058594818,0.007656903937458992
787,26885,0.0,0.26,0.9968649183838584,0.00011435446504037827
788,26909,0.0,0.26,0.9968609309241848,7.558165088994429e-05
789,26962,1.0,0.26,0.9968569434804612,6.647204281762242e-05
790,27033,1.0,0.27,0.9968529560526872,6.317069346550852e-05
791,27086,1.0,0.28,0.996848968640863,0.015396982431411743
792,27110,0.0,0.28,0.9968449812449884,6.642384687438607e-05
793,27134,0.0,0.28,0.9968409938650634,7.890754932304844e-05
794,27158,0.0,0.28,0.996837006501088,0.007694910280406475
795,27182,0.0,0.28,0.996833019153062,4.562997128232382e-05
796,27206,0.0,0.28,0.9968290318209854,0.015561762265861034
797,27230,0.0,0.28,0.9968250445048581,5.201179374125786e-05
798,27301,1.0,0.29,0.9968210572046801,4.381475446280092e-05
799,27325,0.0,0.29,0.9968170699204513,0.00779696274548769
800,27349,0.0,0.29,0.9968130826521716,4.2150149965891615e-05
801,27402,1.0,0.3,0.996809095399841,1.9829989469144493e-05
802,27426,0.0,0.3,0.9968051081634594,4.855597217101604e-05
803,27450,0.0,0.3,0.9968011209430266,2.7183799829799682e-05
804,27474,0.0,0.3,0.9967971337385428,1.793414048734121e-05
805,27498,0.0,0.3,0.9967931465500078,0.007798423990607262
806,27522,0.0,0.3,0.9967891593774216,2.4525503249606118e-05
807,27546,0.0,0.3,0.9967851722207841,4.2588904761942104e-05
808,27570,0.0,0.3,0.9967811850800953,8.713208808330819e-05
809,27594,0.0,0.29,0.9967771979553549,0.007761008106172085
810,27618,0.0,0.28,0.9967732108465631,3.804795051109977e-05
811,27642,0.0,0.28,0.9967692237537197,0.007767614908516407
812,27666,0.0,0.26,0.9967652366768247,4.363053812994622e-05
813,27690,0.0,0.26,0.996761249615878,0.015443111769855022
814,27743,1.0,0.27,0.9967572625708795,4.8744761443231255e-05
815,27767,0.0,0.26,0.9967532755418292,3.3049444027710706e-05
816,27791,0.0,0.26,0.996749288528727,0.007729851640760899
817,27815,0.0,0.26,0.9967453015315729,2.1567040676018223e-05
818,27839,0.0,0.25,0.9967413145503667,2.1273903257679194e-05
819,27892,1.0,0.26,0.9967373275851086,3.611869760788977e-05
820,27916,0.0,0.26,0.9967333406357982,0.0077291191555559635
821,27940,0.0,0.26,0.9967293537024356,4.5551700168289244e-05
822,28131,4.0,0.3,0.9967253667850209,4.4637090468313545e-05
823,28155,0.0,0.3,0.9967213798835537,4.299173815525137e-05
824,28179,0.0,0.3,0.9967173929980342,1.746116322465241e-05
825,28250,1.0,0.31,0.9967134061284622,4.1496365156490356e-05
826,28303,1.0,0.32,0.9967094192748376,0.007834755815565586
827,28327,0.0,0.32,0.9967054324371605,2.3228267309605144e-05
828,28380,1.0,0.33,0.9967014456154307,5.199538281885907e-05
829,28481,2.0,0.35,0.9966974588096482,0.0077142068184912205
830,28505,0.0,0.35,0.996693472019813,3.3330434234812856e-05
831,28529,0.0,0.35,0.9966894852459248,0.015598281286656857
832,28582,1.0,0.34,0.9966854984879838,2.486738594598137e-05
833,28606,0.0,0.34,0.9966815117459898,1.7465386918047443e-05
834,28630,0.0,0.34,0.9966775250199429,9.381177733303048e-06
835,28654,0.0,0.33,0.9966735383098428,0.007787566632032394
836,28678,0.0,0.32,0.9966695516156896,0.015501260757446289
837,28731,1.0,0.33,0.9966655649374832,0.007779438979923725
838,28749,0.0,0.33,0.9966615782752234,1.909501224872656e-05
839,28820,1.0,0.34,0.9966575916289103,1.0930139978881925e-05
840,28844,0.0,0.34,0.9966536049985438,4.674087176681496e-05
841,28963,2.0,0.36,0.9966496183841238,0.007816435769200325
842,28987,0.0,0.36,0.9966456317856502,2.85021942545427e-05
843,29011,0.0,0.36,0.9966416452031231,2.631789175211452e-05
844,29035,0.0,0.36,0.9966376586365423,4.697055192082189e-05
845,29059,0.0,0.36,0.9966336720859077,2.366250191698782e-05
846,29083,0.0,0.35,0.9966296855512193,1.4017242392583285e-05
847,29107,0.0,0.35,0.9966256990324771,0.007731952704489231
848,29131,0.0,0.35,0.996621712529681,1.940162474056706e-05
849,29155,0.0,0.35,0.9966177260428309,0.023279663175344467
850,29179,0.0,0.35,0.9966137395719268,1.8762750187306665e-05
851,29250,1.0,0.36,0.9966097531169685,1.9167144273524173e-05
852,29274,0.0,0.35,0.9966057666779561,3.256909258197993e-05
853,29359,2.0,0.36,0.9966017802548893,3.1551593565382063e-05
854,29383,0.0,0.34,0.9965977938477683,0.00779360719025135
855,29506,2.0,0.36,0.9965938074565929,0.007759731262922287
856,29559,1.0,0.37,0.9965898210813631,5.063068601884879e-05
857,29583,0.0,0.37,0.9965858347220787,0.007797179277986288
858,29607,0.0,0.37,0.9965818483787399,2.499287438695319e-05
859,29631,0.0,0.37,0.9965778620513464,5.197469727136195e-05
860,29655,0.0,0.37,0.9965738757398982,2.065934859274421e-05
861,29679,0.0,0.37,0.9965698894443953,2.1196376110310666e-05
862,29732,1.0,0.38,0.9965659031648375,3.850879875244573e-05
863,29750,0.0,0.38,0.9965619169012249,3.656264379969798e-05
864,29769,0.0,0.38,0.9965579306535572,3.151678538415581e-05
865,29793,0.0,0.38,0.9965539444218346,3.667015698738396e-05
866,29817,0.0,0.37,0.996549958206057,3.69701738236472e-05
867,29841,0.0,0.36,0.9965459720062242,0.007718835957348347
868,29865,0.0,0.36,0.9965419858223361,2.7297905035084113e-05
869,29918,1.0,0.35,0.9965379996543928,0.007779691368341446
870,29989,1.0,0.36,0.9965340135023942,3.332360211061314e-05
871,30011,0.0,0.36,0.9965300273663402,3.470482988632284e-05
872,30035,0.0,0.36,0.9965260412462308,3.1527211831416935e-05
873,30059,0.0,0.36,0.9965220551420658,0.007775717414915562
874,30083,0.0,0.36,0.9965180690538452,2.6419056666782126e-05
875,30107,0.0,0.36,0.996514082981569,2.535097155487165e-05
876,30131,0.0,0.35,0.9965100969252371,0.007883692160248756
877,30202,1.0,0.34,0.9965061108848493,1.950710066012107e-05
878,30226,0.0,0.34,0.9965021248604058,2.6852321752812713e-05
879,30250,0.0,0.34,0.9964981388519063,4.6002742237760685e-06
880,30274,0.0,0.34,0.9964941528593508,0.007902574725449085
881,30345,1.0,0.35,0.9964901668827394,0.007870346307754517
882,30362,0.0,0.35,0.9964861809220719,2.5710174668347463e-05
883,30381,0.0,0.35,0.9964821949773481,2.8828930226154625e-05
884,30405,0.0,0.35,0.9964782090485682,1.9446402802714147e-05
885,30429,0.0,0.32,0.996474223135732,2.011102878896054e-05
886,30453,0.0,0.32,0.9964702372388394,1.869612606242299e-05
887,30477,0.0,0.32,0.9964662513578905,0.0077653443440794945
888,30548,1.0,0.33,0.9964622654928851,7.295543582586106e-06
889,30572,0.0,0.32,0.996458279643823,6.731029770890018e-06
890,30596,0.0,0.31,0.9964542938107045,2.78696770692477e-05
891,30620,0.0,0.3,0.9964503079935293,1.4195138646755368e-05
892,30644,0.0,0.3,0.9964463221922973,2.1872008801437914e-05
893,30668,0.0,0.3,0.9964423364070085,0.007817939855158329
894,30692,0.0,0.3,0.9964383506376628,3.0087909181020223e-05
895,30745,1.0,0.31,0.9964343648842603,2.6072788386954926e-05
896,30769,0.0,0.31,0.9964303791468008,4.7294128307839856e-05
897,30793,0.0,0.31,0.9964263934252842,0.01559382677078247
898,30817,0.0,0.3,0.9964224077197105,3.9614471461391076e-05
899,30841,0.0,0.3,0.9964184220300796,1.053269807016477e-05
900,30865,0.0,0.3,0.9964144363563915,1.733975841489155e-05
901,30918,1.0,0.3,0.9964104506986461,2.3647688067285344e-05
902,30942,0.0,0.3,0.9964064650568433,2.6775242076837458e-05
903,30966,0.0,0.3,0.996402479430983,2.681668229342904e-05
904,30990,0.0,0.3,0.9963984938210653,0.023336894810199738
905,31014,0.0,0.3,0.99639450822709,1.095169318432454e-05
906,31038,0.0,0.3,0.996390522649057,4.122722748434171e-05
907,31159,2.0,0.32,0.9963865370869665,0.015592304989695549
908,31233,1.0,0.33,0.9963825515408181,0.015537281520664692
909,31257,0.0,0.33,0.9963785660106119,1.9453444110695273e-05
910,31281,0.0,0.33,0.9963745804963479,0.007757943589240313
911,31305,0.0,0.33,0.9963705949980258,1.8990074750036e-05
912,31329,0.0,0.33,0.9963666095156458,0.01555781438946724
913,31353,0.0,0.33,0.9963626240492077,0.007783371489495039
914,31377,0.0,0.32,0.9963586385987115,1.8927867131424136e-05
915,31401,0.0,0.32,0.9963546531641572,1.0277733963448554e-05
916,31425,0.0,0.32,0.9963506677455445,2.4010660126805305e-05
917,31449,0.0,0.32,0.9963466823428735,0.007790660485625267
918,31473,0.0,0.32,0.9963426969561441,0.007787623442709446
919,31497,0.0,0.31,0.9963387115853563,2.09021418413613e-05
920,31552,1.0,0.32,0.9963347262305099,3.0108809369266964e-05
921,31576,0.0,0.32,0.996330740891605,0.015433870255947113
922,31647,1.0,0.29,0.9963267555686415,3.862366429530084e-05
923,31671,0.0,0.29,0.9963227702616192,0.007840042002499104
924,31695,0.0,0.29,0.9963187849705382,9.21557511901483e-05
925,31719,0.0,0.28,0.9963147996953983,8.57624618220143e-05
926,31743,0.0,0.27,0.9963108144361995,8.191516826627776e-05
927,31767,0.0,0.27,0.9963068291929418,8.37370753288269e-05
